Term,Rownumber,A,B,C
R1,0,103019,1.10749,6283.07585
R1,1,1721,1.0644,12566.1517
R1,2,702,3.142,0
R1,3,32,1.02,18849.23
R1,4,31,2.84,5507.55
R1,5,25,1.32,5223.69
R1,6,18,1.42,1577.34
R1,7,10,5.91,10977.08
R1,8,9,1.42,6275.96
R1,9,9,0.27,5486.78